<?xml version="1.0" encoding="UTF-8"?><?xml-stylesheet type='text/xsl' href='_UpgradeReport_Files/UpgradeReport.xslt'?><UpgradeLog>
<Properties><Property Name="Solution" Value="UchetMU">
</Property><Property Name="Файл решения" Value="D:\Работа\Учет МУ\UchetMU\UchetMU.sln">
</Property><Property Name="Date" Value="2 апреля 2010 г.">
</Property><Property Name="Time" Value="9:39">
</Property></Properties><Event ErrorLevel="0" Project="UchetMU" Source="UchetMU\UchetMU.vbproj" Description="Проект успешно преобразован">
</Event><Event ErrorLevel="3" Project="UchetMU" Source="UchetMU\UchetMU.vbproj" Description="Converted">
</Event><Event ErrorLevel="0" Project="" Source="UchetMU.sln" Description="Преобразование решения успешно завершено">
</Event><Event ErrorLevel="3" Project="" Source="UchetMU.sln" Description="Converted">
</Event><Event ErrorLevel="0" Project="UchetMU" Source="UchetMU\UchetMU.vbproj" Description="Сканирование завершено: обновление файлов проекта не требуется.">
</Event></UpgradeLog>